Timestamp_CAL,PPG_A13_CAL,Temperature_BMP280_CAL,GSR_Skin_Resistance_CAL,GSR_Skin_Conductance_CAL,Pressure_BMP280_CAL,Accel_LN_mag,Mag_mag,Gyro_mag,cumAccel,cumMag,cumGyro,sincelastDrinking
2021-04-08 10:00:00,104.63540933339593,35.2954998910291,13601.48024191291,0.07352487523323423,100.98518877714332,9.446112341703014,1.0075756403329663,3.2840250091303105,-90.2581882235088,32.857880338836715,1875.916562400562,6.166666666666667
2021-04-08 10:01:00,161.67391636141636,35.417904894491855,13438.67421834304,0.07449046902171906,100.98352780730478,10.720304304512005,0.9580376739450455,20.096583964698613,3745.1455595218767,-90.59466056498276,55164.23704786621,6.183333333333334
2021-04-08 10:02:00,227.60869772588524,35.64252867555178,12981.221565964208,0.07705445596070601,100.98176540494056,11.672134411236456,0.6377168564233824,7.183864361863022,6669.167647379387,-1074.6202119915317,15496.362427955384,6.2
2021-04-08 10:03:00,277.2676759004884,35.826052133182124,11923.544012571825,0.08397620897620901,100.97935343983006,11.709388615130884,0.8896072973179328,5.811922369526827,6783.612561743066,-300.81277756347316,11281.756627498538,6.216666666666667
2021-04-08 10:04:00,300.77862675518935,35.958474041705784,11149.240102404341,0.08982597263847268,100.97849780244813,11.876602868734338,1.0987204968115278,7.47780380375788,7297.2947488128775,341.5829712808514,16399.34439345627,6.233333333333333
2021-04-08 10:05:00,307.6443738553113,36.07902634663774,10533.987062016113,0.09493443477818475,100.97848383880978,12.028995901277446,1.0939765841851805,2.6048171956694075,7765.4461447853055,327.0096716927122,1429.529533408486,6.25
2021-04-08 10:06:00,309.37476152319897,36.20144116971059,10132.667456463441,0.09871898934398939,100.97853006322657,12.044589918914658,1.091961813545268,2.6482834821228747,7813.35096696682,320.8202962869008,1563.0579653935383,6.266666666666667
2021-04-08 10:07:00,309.77921817765576,36.298724971975965,9258.96361258675,0.10825965122840116,100.97557368903847,12.045014610914533,1.092880924254928,2.146299961623989,7814.6556207904405,323.6438043869759,20.964590420958544,6.283333333333333
2021-04-08 10:08:00,309.74917010073267,36.39048008595231,9356.393670346446,0.10734823625448621,100.9753974226196,11.20730874134666,1.0505365953360355,24.14446472278165,5241.223189477936,193.56202594813809,67599.32673669727,6.3
2021-04-08 10:09:00,309.8157051282052,36.51606023515361,5936.155171370702,0.22394272394272394,100.97717282996537,10.042905258423506,0.7931418307143111,8.493496628023136,1664.1756899380036,-597.1546909697988,19519.552749599152,6.316666666666666
2021-04-08 10:10:00,308.96243513431006,36.6699707136681,2785.047398812651,0.37889902343027343,100.97891310325274,10.974209107029816,0.7590683756628632,9.772954344289245,4525.141112856594,-701.8283448878467,23450.046853968637,6.333333333333333
2021-04-08 10:11:00,307.85518734737485,36.83169334793036,4875.884666423856,0.213078299015799,100.97618084223363,11.145208650567882,0.7477179729788969,4.681259400299992,5050.451710605526,-736.6967819329914,7808.359986033677,6.35
2021-04-08 10:12:00,307.3768028846154,36.97775205186226,5949.107239359091,0.16812166421541422,100.97753668652649,11.169761819634628,0.7558106826881007,6.992751792881317,5125.879045978568,-711.8359777063172,14909.264616043532,6.366666666666666
2021-04-08 10:13:00,307.2117769383395,37.14097520264789,5833.865937688251,0.17150832385207385,100.97428156104559,11.264891197050126,0.7620170748480635,10.596986952751063,5418.1164933989785,-692.7699409909118,25981.475027163335,6.383333333333334
2021-04-08 10:14:00,307.02171092796095,37.35086314595625,5883.599367615636,0.17003294737669739,100.97341545528839,11.212930852811668,0.7843199588245274,4.247133771062997,5258.494315898442,-624.2554814152143,6474.726053017613,6.4
2021-04-08 10:15:00,306.9921292505087,37.63254191552819,5767.329981138765,0.17358806359782605,100.97061831893211,11.36028162594416,0.7716333962767761,5.759038703007918,5713.014991186371,-663.4444962889771,11122.917567104763,6.416666666666667
2021-04-08 10:16:00,307.0035866910867,37.849339509610154,5644.435543107188,0.17728856791356792,100.96784743363865,11.289784895995098,0.7982205842595872,8.91882695938682,5494.5899365579335,-581.5527600787108,20826.167527548445,6.433333333333334
2021-04-08 10:17:00,307.0386427808303,37.96995598599185,6055.089501826394,0.1652212081899582,100.9655566218786,11.07358316044281,0.8167832452716803,8.941667523236267,4830.418204941305,-524.5282654495608,20896.33373969388,6.45
2021-04-08 10:18:00,307.1020776098901,38.1404008527036,6367.6857784464855,0.15709666490916488,100.96524848427363,11.14806728391625,0.8139935634752534,3.5479085944196007,5059.233432251712,-533.0981679281841,4326.706310369089,6.466666666666667
2021-04-08 10:19:00,307.1843521062271,38.33609270502218,6314.6737238223395,0.15854660385910385,100.96353045827293,11.261651435418507,0.8370413102631274,10.400528903699536,5408.163945666647,-462.2954897958351,25377.955900477053,6.483333333333333
2021-04-08 10:20:00,307.37608745421244,38.38810542982711,5675.093421707122,0.17627540283790286,100.96198215899285,11.414545009536832,0.7779669235323988,4.905504236498879,5877.853005358144,-643.7720058326335,8497.240122836587,6.5
2021-04-08 10:21:00,307.6796684218559,38.43926385960896,5545.3474823692295,0.1803610162985163,100.96266633853871,11.389850421837926,0.7864672198348285,5.16227685020947,5801.991231947098,-617.6590955915698,9286.045592155568,6.516666666666667
2021-04-08 10:22:00,307.85280257936506,38.500455960009475,5389.999192870707,0.18583803349428352,100.96389024065358,10.882360452291971,1.050140952890713,12.07317137936748,4242.982045501931,192.34661235610827,30516.31358572898,6.533333333333333
2021-04-08 10:23:00,308.1182272588523,38.458403981056335,4935.8664393521385,0.20276352698227695,100.9618820011979,11.138375542778371,0.8143218526178226,4.5329535768293425,5029.460403476153,-532.0896636822114,7352.764496331801,6.55
2021-04-08 10:24:00,308.2105177808303,38.551245542862524,5452.340553276445,0.183508621008621,100.96368538746066,11.140478830812171,0.8159358642834835,3.1392674051133334,5035.92170431598,-527.1314198453014,3071.3605768202224,6.566666666666666
2021-04-08 10:25:00,308.32808684371184,38.68202288629755,5428.873925409157,0.18426119597994595,100.96748175703739,10.806154834170847,0.853578213502966,7.03015240998512,4008.878386633833,-411.49412304305093,15024.159311786208,6.583333333333333
2021-04-08 10:26:00,308.3016159188034,38.7645591738849,5313.605495138451,0.1884267353017353,100.96353493104574,10.98982855995969,0.828925506187129,4.84043723638042,4573.124072257161,-487.2272399173023,8297.354298472568,6.6
2021-04-08 10:27:00,308.55010874542126,38.892589364226275,5088.610505844042,0.19661169270544265,100.959770123429,10.827741642564135,0.8521192550303357,2.4005278579559843,4075.1930620180133,-415.97604347097104,801.9526879526977,6.616666666666666
2021-04-08 10:28:00,308.6996336996337,39.05386641319128,5023.221642406275,0.19919114450364447,100.95807135186091,10.79635063923273,0.8562925262083815,2.2538713657138816,3978.759899783941,-403.15575441201463,351.4239437849685,6.633333333333334
2021-04-08 10:29:00,308.7511446886446,39.212663239235866,4549.090452604848,0.22238944504569502,100.95503241380077,10.764180673698531,0.8576260187088796,3.7191305278503353,3879.9337656628804,-399.0592654504847,4852.70008986815,6.65
2021-04-08 10:30:00,308.3824595543344,39.333728243389736,3714.5528709622504,0.26974515646390645,100.95862927947861,10.763338544336321,0.8591458867802252,3.4252865785364546,3877.346744262169,-394.39023073531087,3950.011477575925,6.666666666666667
2021-04-08 10:31:00,307.7068547771672,39.431900728848426,4122.998135211536,0.24264739889739892,100.9579638401437,10.799716614168185,0.8577497493392762,3.2141623984440746,3989.1001747856553,-398.67916495390597,3301.4379963321126,6.683333333333334
2021-04-08 10:32:00,307.12711767399276,39.51769980681416,4029.502281005089,0.24866727601102603,100.95642204750244,11.02032885222372,0.8622959184737423,15.812197114323569,4666.820970092259,-384.7133333728265,42002.6006435139,6.7
2021-04-08 10:33:00,306.7059676434677,39.408755645166984,2969.1808271601335,0.3437306327931328,100.95364207764082,11.236796930303358,0.7869096337231597,16.463161935350197,5331.810905952912,-616.3000001266163,44002.36457370779,6.716666666666667
2021-04-08 10:34:00,306.1696333180708,39.13809723274805,3151.41044697882,0.317492837024087,100.95153601867189,11.685026667380418,0.6894475352608292,19.550735161321484,6708.772658253635,-915.7035666028954,53487.38952389155,6.733333333333333
2021-04-08 10:35:00,305.81239507020763,38.802422149303545,3174.49719927446,0.3157691556129056,100.95010460333755,11.8674132585277,0.6627267151383204,4.607063554091293,7269.06426625809,-997.7899260192423,7580.430346480367,6.75
2021-04-08 10:36:00,305.5572248931625,38.52201837326707,2851.943974390239,0.3659318112443113,100.94905706434446,11.878710196455986,0.6621689327204888,5.949254827984176,7303.768459573782,-999.5034336068209,11703.641939879328,6.766666666666667
2021-04-08 10:37:00,305.1069806929184,38.311467376610615,2761.52071600973,0.3700483544233544,100.94743389668294,11.94977529738231,0.6540517660949305,4.598895075917077,7522.080449619445,-1024.439369480536,7555.336781529211,6.783333333333333
2021-04-08 10:38:00,305.14680631868157,38.12440630359804,3556.6997244576705,0.2813121484996485,100.94832594221322,11.944799937726215,0.6558383550697846,3.5670013528921607,7506.79614475592,-1018.9509681497842,4385.359264396681,6.8
2021-04-08 10:39:00,305.06977831196605,37.98369330421347,3630.9710468069097,0.27572008431383427,100.94679433299028,11.887862061107908,0.6666113000942956,8.61264570305268,7331.882987784485,-985.8564810344865,19885.578708089808,6.816666666666666
2021-04-08 10:40:00,304.46977068070834,37.9148368294123,3488.8969458964716,0.28673612267362264,100.94524413924212,11.920355219322198,0.6488106965095026,7.723613766736647,7431.701969818785,-1040.5399352469706,17154.472599726887,6.833333333333333
2021-04-08 10:41:00,303.5382016833367,37.96721831001272,3536.348481758655,0.2829533340434739,100.94565958880042,12.00774614524894,0.6445120087811959,6.671210837178856,7702.67345900996,-1054.0885200628952,13926.022535411807,6.85
2021-04-08 10:42:00,302.8164110195361,38.07880123843186,3202.896926162091,0.3159151323213823,100.94758835509123,11.782184860383259,0.6878207133967873,11.648600836684542,7007.242627158363,-920.7011633692318,29212.032878606682,6.866666666666666
2021-04-08 10:43:00,301.88611301892564,38.15236640197212,1942.8123024060162,0.5236979455729456,100.94635397521877,12.007160435218402,0.6494560120645366,3.6816996946680765,7698.367593051923,-1038.557525861906,4737.7125703320635,6.883333333333334
2021-04-08 10:44:00,300.16836462148956,38.27065977221717,2270.232354704613,0.44527795699670697,100.94646948069584,12.036476375497069,0.6504858052236792,8.564041948660304,7788.426161587988,-1035.3940012770204,19736.267974596143,6.9
2021-04-08 10:45:00,299.5306776556777,38.387215497851805,2568.1298359909965,0.39369614760239763,100.94878392239065,11.975719478613572,0.6495672017485998,5.671287834766194,7601.780974361884,-1038.215951152464,10849.727336713435,6.916666666666667
2021-04-08 10:46:00,298.1861454517704,38.50820328237822,1517.5322796489052,0.6895555254930255,100.94882004671474,11.922686241983108,0.6578901490429501,4.07701795988677,7438.8628714331035,-1012.6478570642199,5952.130281083841,6.933333333333334
2021-04-08 10:47:00,294.15707989926744,38.63748222644089,649.8545324976359,1.7418225076428202,100.95016217804994,11.87851193140324,0.6471591159028857,4.154718400232202,7303.1593893317495,-1045.6135908704975,6190.826033824991,6.95
2021-04-08 10:48:00,288.939445970696,38.72832403521503,700.5638360839348,1.5089332542457543,100.95175470471771,11.197463874359594,0.681035042473478,5.082309491559375,5210.979758093667,-941.5467444456381,9040.385866382005,6.966666666666667
2021-04-08 10:49:00,285.91866033272277,38.784293198974865,962.883048234089,1.0637488957801458,100.94863453521384,11.190180426816239,0.8418737230910956,6.747039041759813,5188.605007240478,-447.45031758831647,14154.435044597785,6.983333333333333
2021-04-08 10:50:00,282.8947744963369,38.75604648539348,920.6958903433298,1.2385620961792838,100.94570556726553,10.981851592121634,0.9035796995851606,8.749589339206684,4548.618827058654,-257.8895577985493,20306.269558354576,7.0
2021-04-08 10:51:00,281.69905181623926,38.69332673725926,747.6634403182399,1.4463918604543604,100.94239187851063,10.379742725694994,0.8242464668427946,6.7068062901926835,2698.940389396013,-501.6012487830976,14030.840031783553,7.016666666666667
2021-04-08 10:52:00,280.87296817765576,38.68283353757112,1380.649173702077,0.7365374787249787,100.94128599820692,11.913045367778997,0.6529097159429139,3.5201800169379234,7409.24610587807,-1027.947747547531,4241.524120344855,7.033333333333333
2021-04-08 10:53:00,282.3305383852258,38.71767064041353,1567.9072908891212,0.6397036123598624,100.93949895762601,11.9651330012697,0.6523423772948729,4.552480004872289,7569.259315961515,-1029.6906118743132,7412.749683279221,7.05
2021-04-08 10:54:00,283.27466804029285,38.69763244556879,918.7229386650292,1.5301589903152404,100.93602120399929,11.327899353060099,0.813188866712828,11.476289721990307,5611.677548661619,-535.5701963823552,28682.693134265795,7.066666666666666
2021-04-08 10:55:00,282.5153579059828,38.42449255006369,284.11308570941094,3.554895928724054,100.9347365821878,11.792008552385463,0.904779206491308,13.377542112691932,7037.421008989139,-254.20467258286448,34523.34047850143,7.083333333333333
2021-04-08 10:56:00,278.68208180708183,38.27352374715653,255.01251308774263,4.2541306142923085,100.9321738098418,11.580720360015794,0.8292965144723891,10.891579964100293,6388.343682029512,-486.0875024649834,26886.464758028007,7.1
2021-04-08 10:57:00,275.63649458180697,38.24929484510548,158.55108779114857,6.343090707202205,100.93320964516693,12.058770463219632,0.659958736507522,7.9005535361722385,7856.913599071703,-1006.2931563730551,17698.03157143304,7.116666666666666
2021-04-08 10:58:00,272.9641235500612,38.23934051626502,128.25936511791426,7.885244564523746,100.93660136384331,12.024764009743665,0.6961410296114955,7.730569888154355,7752.445773993534,-895.1411519576485,17175.841804722102,7.133333333333334
2021-04-08 10:59:00,270.62347374847377,38.22172789405767,104.37541524704064,9.647586461883064,100.93524225466687,12.127075045632479,0.6919745660275177,12.757497813442818,8066.745276243968,-907.9405280876281,32618.56439120825,7.15
2021-04-08 11:00:00,270.8023313492064,38.17452738027293,93.72789019580115,10.723665247837722,100.93343004273864,12.101560566893442,0.6726522765877306,8.051412439602352,7988.364797557647,-967.2986012466544,18161.470122770366,7.166666666666667
2021-04-08 11:01:00,272.6030696733823,38.14000925742892,78.3780377825026,12.863850785780228,100.93215255257047,12.025132626368064,0.6652796299039979,11.926060033277635,7753.578164263685,-989.9473718590809,30064.38753054071,7.183333333333334
2021-04-08 11:02:00,273.6480750152626,38.16237734878458,68.50140472083508,14.653766978717302,100.93102778486595,11.987426946472333,0.6663531314486416,11.307037863796674,7637.746315624,-986.6495751139357,28162.75142589524,7.2
2021-04-08 11:03:00,270.6947783119659,38.158874248308145,56.19602911534127,17.819451598748476,100.932505892003,12.055159615058235,0.7037697480683579,15.56377736434663,7845.821073519887,-871.705728858167,41239.455171584734,7.216666666666667
2021-04-08 11:04:00,262.3192345848596,38.03439195882387,56.43043698414937,17.75012639270452,100.93135358540769,12.029443886859054,0.6721503564988813,4.8066921077608855,7766.822356492006,-968.8404997595991,8193.689263353348,7.233333333333333
2021-04-08 11:05:00,256.35349893162385,37.916700837336386,59.023815660797815,17.011304469264644,100.92905776543743,11.960014073649342,0.6827534999302675,8.880528850665868,7553.533970311777,-936.267643138381,20708.515737557398,7.25
2021-04-08 11:06:00,254.54907387871907,37.811668482477344,52.180669369951886,19.17860152647006,100.92554924956231,11.998747509161452,0.6911098181200699,9.726412603941995,7675.020650313112,-910.8934519645355,23314.657564674846,7.266666666666667
2021-04-08 11:07:00,253.04892590048829,37.732591967028725,50.62425535393705,19.826150412087912,100.92501572346873,11.931006050600182,0.6818394529387382,11.494444606954994,7464.421323504748,-939.0755954963591,28738.46494087733,7.283333333333333
2021-04-08 11:08:00,252.94948107448093,37.621281244296334,49.17776258831746,20.36910246871184,100.92283406350687,10.555389097061143,0.8512523098508608,17.73453366645965,3238.526042232821,-418.6392990623184,47908.018531675596,7.3
2021-04-08 11:09:00,254.35363247863242,37.50551455766754,55.831871546318354,17.920279590201464,100.92158652150265,11.972380639230549,0.7205620280684303,6.947398921523486,7591.5240597772345,-820.1198446979448,14769.940595231716,7.316666666666666
2021-04-08 11:10:00,257.07584516178264,37.41358348806697,54.282554621169304,18.441566029456656,100.921625828096,11.891018056175099,0.7211106829595423,6.2775042102291145,7341.5782046309005,-818.4343768724488,12712.024042135474,7.333333333333333
2021-04-08 11:11:00,260.6525202228328,37.33928761019186,50.4921904828561,19.85024849282662,100.9269779288558,11.836731309403419,0.7083511976082191,6.937057487288748,7174.809318548292,-857.6315158717136,14738.171709262588,7.35
2021-04-08 11:12:00,265.11728289072033,37.25091480368093,55.793355790940495,17.94428228021978,100.92573708736838,11.972225153868402,0.7377472322607632,5.255172983131678,7591.04640874473,-767.326897419098,9571.422512492065,7.366666666666666
2021-04-08 11:13:00,269.6516807844933,37.17653654584473,55.492507892994375,18.10437175671551,100.92361212065144,11.930758583166456,0.7168954010132165,7.806673545196982,7463.661103548345,-831.3837230115618,17409.63223915668,7.383333333333334
2021-04-08 11:14:00,274.7078659188034,37.09590947726368,47.77608179728123,20.95282213446276,100.9218956956027,11.575401023608778,0.7739088435173147,8.239592567706774,6372.002680587162,-656.2384276389719,18739.559476306775,7.4
2021-04-08 11:15:00,278.75290941697193,36.990990847449,48.035662474972725,20.853961576617827,100.91896035011568,11.381583855924461,0.7968152396286916,15.418693133701238,5776.596341460937,-585.8699787848218,40793.75641504175,7.416666666666667
2021-04-08 11:16:00,280.5441086691088,36.87638515682523,47.11294431195651,21.231446504884,100.91684579640001,11.68084494769119,0.7893920100395229,8.364453555514038,6695.926415368328,-608.6741400827485,19123.132430850656,7.433333333333334
2021-04-08 11:17:00,279.3452857905983,36.79595252958767,45.4463087428164,22.04400850885226,100.91602714869396,11.646499067558102,0.9552891780767392,33.60763595981776,6590.41587159948,-99.03803987241982,96670.18877687173,7.45
2021-04-08 11:18:00,272.8816105769231,36.750488957247576,45.46038885993613,22.01642866681929,100.91685313817312,11.522491164956604,0.7720527827419216,17.491508936596116,6209.463594807674,-661.9402463409793,47161.44656153498,7.466666666666667
2021-04-08 11:19:00,265.2210202991452,36.706263207762056,48.10291382238489,20.812228136446887,100.91695248835045,11.710209042175798,0.7693764109893751,5.506209625183452,6786.1329136250415,-670.1620603648021,10342.60707687511,7.483333333333333
2021-04-08 11:20:00,263.5140033577533,36.66168636709978,48.88231826652794,20.47962454212454,100.91857943393997,11.669160810282868,0.7451197822666864,8.327438032609455,6660.0327452499605,-744.6784238009021,19009.420744487736,7.5
2021-04-08 11:21:00,266.3721478174603,36.63068646485862,43.75730881379939,22.899782509157507,100.91708129013597,11.703442375488327,0.7279748072741432,7.402244641070013,6765.345713561137,-797.3477869779947,16167.226645678544,7.516666666666667
2021-04-08 11:22:00,268.93171932234435,36.60400510282077,42.81375287594369,23.369069081959708,100.91651523543861,11.479462771283801,0.7402328013783257,3.0048917456839312,6077.280369444831,-759.691229089946,2658.5585510523697,7.533333333333333
2021-04-08 11:23:00,271.2716536935288,36.611973913701675,44.38065445088477,22.55006820436508,100.91005196957093,11.259473097416269,0.777179776340183,2.8824681047382157,5401.472091323771,-646.1901220071206,2282.47312606712,7.55
2021-04-08 11:24:00,272.4659455128206,36.619583522066414,47.38731884963253,21.114747882326007,100.90854808384591,11.179947141337024,0.7867588813251815,2.1980426761874834,5157.1683542483315,-616.7631114932051,179.9182095592715,7.566666666666666
2021-04-08 11:25:00,275.44094360500605,36.630228561520134,46.16484488271982,21.70974750076313,100.91018537337635,11.75470883445758,0.7106678938047294,10.558735916712708,6922.836275514673,-850.5146251560337,25863.967844452756,7.583333333333333
2021-04-08 11:26:00,278.9687309218559,36.594167466497375,48.70035566707396,20.632368933150182,100.90290115311397,11.94102756069226,0.6870027166212166,8.586738328526534,7495.207402507619,-923.2140494637855,19805.99125354491,7.6
2021-04-08 11:27:00,281.6146310286935,36.55510331772959,50.00882636024742,20.034221420940174,100.90001829427275,12.090128839707274,0.6663339005242309,3.9887629837105965,7953.246531641738,-986.7086525137253,5681.0109942703275,7.616666666666666
2021-04-08 11:28:00,284.3151423229547,36.55344645357986,45.81668267467618,21.868024553571434,100.90005665615483,11.86675065390137,0.7077100991789086,5.422325967823549,7267.028744846005,-859.6009702465556,10084.916481465316,7.633333333333334
2021-04-08 11:29:00,286.13352793040286,36.519896574165976,44.48690635295784,22.53302903693529,100.8982438588621,12.096003215486041,0.6579847853268742,19.857655038474757,7971.292614034107,-1012.3571344000051,54430.24738650581,7.65
2021-04-08 11:30:00,287.59658310439556,36.47327140614568,41.95678731676785,23.92353956807082,100.89318394658277,12.09249073486104,0.6372492936527967,7.943188113530436,7960.502273554107,-1076.0565648227712,17829.004993076887,7.666666666666667
2021-04-08 11:31:00,289.05248397435895,36.46227203727572,43.09547025480166,23.321433340964592,100.89145600536138,11.653245986757803,0.7386934012849115,28.933943883162204,6611.142407380963,-764.4202661769147,82312.6067173857,7.683333333333334
2021-04-08 11:32:00,290.9035210369412,36.450580429965264,50.12326545662265,20.01318943557798,100.89131361047457,11.280419242357349,0.8337902898491756,23.38013394561363,5467.597886424103,-472.4363623409939,65272.543247631715,7.7
2021-04-08 11:33:00,292.54903083028086,36.438618061594376,48.339376537402906,20.748507135225882,100.88935386652027,10.346753670736247,0.9343510218982795,13.53850715147965,2597.598012562741,-163.3600556526483,35017.82507765723,7.716666666666667
2021-04-08 11:34:00,294.0671741452993,36.43757443378462,47.7402359892102,21.24824719551282,100.88728369466743,10.860489741252445,0.8772506160280323,23.695836693716775,4175.795221188507,-338.7725024860471,66221.14143140968,7.733333333333333
2021-04-08 11:35:00,295.35089476495733,36.3799224461946,52.720851219218936,19.08936441163004,100.88121479017774,11.235224964640482,0.8942890761934538,37.29231384464736,5326.981827436559,-286.43035285787266,107989.51923906882,7.75
2021-04-08 11:36:00,296.46267361111114,36.33814334623713,51.88131785740351,19.393064617673996,100.88137366379097,10.91006989976252,0.8056036127677756,12.979136076912093,4328.105468131456,-558.872096501556,33299.43713658632,7.766666666666667
2021-04-08 11:37:00,297.1144307081806,36.34286151483119,56.288627906423066,17.78672065781441,100.88016611297526,10.58470697368356,0.8450859654483844,2.2457833477487,3328.590559216889,-437.5823090667255,326.57755259642266,7.783333333333333
2021-04-08 11:38:00,297.31427426739907,36.36460780891739,58.640806469434914,17.078348378809782,100.87688991298847,10.716508175316456,0.842431693510166,6.520487590228775,3733.4838506331457,-445.73623246093285,13458.468985495214,7.8
2021-04-08 11:39:00,297.45163690476176,36.35357447626867,60.746840213198226,16.50208113386263,100.8744529594707,10.869009906502313,0.8512769806475888,2.0794255858411357,4201.969168836098,-418.56351037476963,-184.473491983616,7.816666666666666
2021-04-08 11:40:00,297.5370115995114,36.35887513609338,54.10290981217599,18.61308556607446,100.87175848399771,10.431033949615317,0.8909553852202284,7.754930330314515,2856.5070292792448,-296.67145152762083,17250.677083038594,7.833333333333333
2021-04-08 11:41:00,298.1737446581196,36.438841353325294,50.10052552018865,19.98960241147741,100.8711005344776,10.534340954762733,0.8858340611649066,7.169144053543321,3173.86614909211,-312.40415902556964,15451.141640797483,7.85
2021-04-08 11:42:00,298.4296302655677,36.483552369874445,52.266378937509586,19.246661341404916,100.86950585109793,10.736989047633513,0.9170786184436991,20.344908107851797,3796.4010903911394,-216.42087906511867,55927.08881563315,7.866666666666666
2021-04-08 11:43:00,298.29393696581184,36.436424014822485,46.004785249002595,21.80556747939561,100.86809717364902,11.414143882092054,0.7993955448823485,10.310954773453835,5876.6207418477825,-577.9432810455879,25102.78417236271,7.883333333333334
2021-04-08 11:44:00,298.60109508547004,36.39297508217046,48.094443195832724,20.97491701007326,100.86668870767835,10.296734352259337,0.9128843721627815,6.887554709177081,2443.9386662016755,-229.3056036400976,14586.099174904424,7.9
2021-04-08 11:45:00,298.7646901709401,36.39835826395482,43.67062805336858,22.970979758089133,100.86338825116455,10.345881879154746,0.9844847556459407,10.721927912109306,2594.9198688243714,-9.349225579832686,26365.29365431219,7.916666666666667
2021-04-08 11:46:00,298.8128624847375,36.463936993535064,47.713902652732834,20.988009386446887,100.86362712838041,10.718743018111754,0.8665263125571617,2.462189079733211,3740.3492877003005,-371.7175627485617,991.3759612528501,7.933333333333334
2021-04-08 11:47:00,298.76993666056165,36.54869429638237,50.26109188335443,19.91430336156899,100.86321267414979,11.550332461424091,0.7709175902319735,5.796734157781504,6294.992057555801,-665.4275577315401,11235.0984410173,7.95
2021-04-08 11:48:00,298.74632745726495,36.56347501401179,51.702957620255326,19.34563158195971,100.8621610844001,11.509288091838949,0.7855305419794204,2.7236569238681643,6168.903754190245,-620.536569963383,1794.605178435546,7.966666666666667
2021-04-08 11:49:00,298.88130532661785,36.558548107007375,51.2774006649403,19.543662717490843,100.8582768928165,11.468246099463245,0.7894083442040363,9.164407088904765,6042.822753612086,-608.623961529363,21580.58968542799,7.983333333333333
2021-04-08 11:50:00,299.1104815323566,36.533758246914125,50.75178815969604,19.76245325854701,100.85768975956921,11.082551565701031,0.8256005027775027,8.347038076136469,4857.969145894564,-497.4416503916744,19069.632078203864,8.0
2021-04-08 11:51:00,299.29196237789995,36.49907575404338,46.79788090465603,21.413833562271066,100.85448487786361,10.858774468356962,0.8954623947321348,7.10006830539108,4170.525902853583,-282.825918307044,15238.94094247408,8.016666666666667
2021-04-08 11:52:00,299.0899725274725,36.48187770810291,46.54089835891809,21.599475827991455,100.85185214280756,11.025568412149626,0.8578794023228143,11.865178778394496,4682.916898184647,-398.28087098847664,29877.36031554048,8.033333333333333
2021-04-08 11:53:00,298.6385359432234,36.44701078138188,43.99516492006317,22.867766998626376,100.84640050418919,11.46266346406364,0.8873695031715743,21.23406521194172,6025.672897664496,-307.68728118108623,58658.57943939759,8.05
2021-04-08 11:54:00,298.3630952380951,36.42637605161925,47.8731530517177,21.18074633699634,100.84549829358707,10.63330509717743,0.8349535836981531,9.621781158468616,3477.883994590061,-468.7089858034361,22985.642827128286,8.066666666666666
2021-04-08 11:55:00,297.7840735653234,36.45513652690554,48.16261089955148,20.818094665750916,100.8465937736879,10.980602098333641,0.8226945777985968,4.334610458174807,4544.780382141939,-506.3686519268733,6743.454435825658,8.083333333333334
2021-04-08 11:56:00,297.49551663614153,36.4909402961843,48.58343491737065,20.7391111492674,100.84726370987579,11.020371812256796,0.79907127675226,22.44838456980111,4666.952943313866,-578.93943274122,62388.968506741716,8.1
2021-04-08 11:57:00,297.2561444413055,36.48469519598223,55.4136926081706,18.0851597691819,100.84531914805194,10.752150062655026,0.6239934300104931,13.484805672496478,3844.2266971988643,-1117.1421126252642,34864.19946434379,8.116666666666667
2021-04-08 11:58:00,297.57659874847366,36.442412345056205,56.617518773602,17.695449291788716,100.8443223833933,10.948590203194216,0.6528143821969946,10.937343239678588,4446.439840273626,-1028.2406128149944,27027.04954060543,8.133333333333333
2021-04-08 11:59:00,298.04139003357744,36.349474396378234,58.69307770976018,17.088785083344238,100.84086953705737,10.98063777282139,0.6301838750144876,8.923768056636234,4544.889974168308,-1097.761530879656,20841.34657829939,8.15
2021-04-08 12:00:00,299.01652167277166,36.30725682453927,57.43019725073671,17.470571962759465,100.83834370170082,10.918704378733535,0.6386574177450604,7.3937538939465455,4354.630587530408,-1071.730807611336,16141.143070516633,8.166666666666666
2021-04-08 12:01:00,300.2895108363859,36.30600770820936,54.378097889953494,18.547779255004457,100.83716329630408,10.789775385672295,0.9774411373975856,20.39208419750801,3958.5607208462825,-30.987220838778317,56072.01376305743,8.183333333333334
2021-04-08 12:02:00,300.56042048229546,36.310431393147844,54.730691088590355,18.36004364906532,100.83519469376664,10.244456121155787,0.9211639536270178,44.94116054119393,2283.339940251569,-203.870729381963,131486.77629086052,8.2
2021-04-08 12:03:00,302.00773618742375,36.32789314415332,64.88084099619829,15.431652648551605,100.82992262673713,9.997507357706922,0.9115929380526905,45.08983222911524,1524.7133389366581,-233.2728892262965,131943.49571615478,8.216666666666667
2021-04-08 12:04:00,303.53255685286945,36.390326372457174,65.43603736592199,15.33125142255151,100.82986630757166,9.438315859561744,0.9750910059672404,29.473206828269074,-193.12294336533148,-38.206824592799144,83969.22248475537,8.233333333333333
2021-04-08 12:05:00,461.90500038156296,36.4206773542144,71.5583451078168,14.187978515749641,100.82754754334388,9.896725096791103,0.9718776113685369,59.511277398960225,1215.110233403257,-48.07837280001613,176246.1752779186,8.25
2021-04-08 12:06:00,2911.3855979090354,36.41575531689788,89.202047723058,11.260256330487167,100.82650852417453,10.537493391770804,0.959380318286628,61.150418732053915,3183.5504355808957,-86.47005714764053,181281.61745318244,8.266666666666667
2021-04-08 12:07:00,2927.4300988586706,36.259072254147455,91.72287787941684,10.9098700437675,100.82385873435797,10.497908143086399,0.9980357405587789,74.5877197079663,258.1522261947273,2.721472857667152,18764.095236737317,8.283333333333333
